[
  {
    "date": "19/6/2024",
    "name": "Mobile legends",
    "category": "Diamond",
    "quantity": "15 diamond",
    "price": "Rp. 15.000",
    "invoice": "INV5212"
  },
  {
    "date": "19/6/2024",
    "name": "Mobile legends",
    "category": "Diamond",
    "quantity": "15 diamond",
    "price": "Rp. 15.000",
    "invoice": "INV5212"
  },
  {
    "date": "19/6/2024",
    "name": "Clash Of Clans",
    "category": "gems",
    "quantity": "100 gems",
    "price": "Rp. 90.000",
    "invoice": "INV5259"
  },
  {
    "date": "19/6/2024",
    "name": "Mobile legends",
    "category": "Starlight",
    "quantity": "1 bulan",
    "price": "Rp. 80.000",
    "invoice": "INV4901"
  },
  {
    "date": "19/6/2024",
    "name": "Mobile legends",
    "category": "Diamond",
    "quantity": "391 diamond",
    "price": "Rp. 391.000",
    "invoice": "INV618"
  },
  {
    "date": "19/6/2024",
    "name": "Mobile legends",
    "category": "Diamond",
    "quantity": "49 diamond",
    "price": "Rp. 49.000",
    "invoice": "INV5456"
  },
  {
    "date": "19/6/2024",
    "name": "Clash Of Clans",
    "category": "gems",
    "quantity": "50 gems",
    "price": "Rp. 45.000",
    "invoice": "INV6029"
  },
  {
    "date": "19/6/2024",
    "name": "Mobile legends",
    "category": "Diamond",
    "quantity": "391 diamond",
    "price": "Rp. 391.000",
    "invoice": "INV3723"
  }
]